"Methode","MAPE","RMSE"
"RLM","0.0556510249267909","0.0745738713678508"
